text,link,date
king size bedroom/ full size/ very little use,https://newyork.craigslist.org/mnh/rvs/d/owego-king-size-bedroom-full-size-very/6922500122.html,2019-06-28 15:15
!@-*@*!SCAMP Camper 8 foot awning 13 foot crank out*-!@*@!@,https://newyork.craigslist.org/fct/rvs/d/new-york-city-scamp-camper-8-foot/6922402471.html,2019-06-28 14:46
. Stereo .Extra axle,https://newyork.craigslist.org/mnh/rvs/d/highland-falls-stereo-extra-axle/6922375318.html,2019-06-28 14:33
56 Trailer Water hose,https://newyork.craigslist.org/jsy/rvs/d/revere-56-trailer-water-hose/6922411717.html,2019-06-28 13:22
Clean FORD E350 V10 - Way pursuit,https://newyork.craigslist.org/mnh/rvs/d/union-clean-ford-e350-v10-way-pursuit/6922347277.html,2019-06-28 12:56
The 2004 Year KEYSTONE OUTBACK 26RS Residential Style Interior]],https://newyork.craigslist.org/mnh/rvs/d/new-york-city-the-2004-year-keystone/6922225668.html,2019-06-28 11:49
1999 Pleasure Class B Luxury Van 19' Length,https://newyork.craigslist.org/mnh/rvs/d/bronx-1999-pleasure-class-luxury-van-19/6922277935.html,2019-06-28 11:01
2015 keystone raptor 332ts (must go),https://newyork.craigslist.org/wch/rvs/d/fonda-2015-keystone-raptor-332ts-must-go/6922242406.html,2019-06-28 10:19
2001 Winnebago Adventurer,https://newyork.craigslist.org/stn/rvs/d/staten-island-2001-winnebago-adventurer/6922241778.html,2019-06-28 10:18
Road Ranger fridge stove,https://newyork.craigslist.org/mnh/rvs/d/brooklyn-road-ranger-fridge-stove/6922239615.html,2019-06-28 10:15
Forest Riverside slide,https://newyork.craigslist.org/mnh/rvs/d/elmont-forest-riverside-slide/6922168149.html,2019-06-28 08:10
*** HWH Auto Hydraulic // Onan Microquiet 4.0 Keystone & cougar,https://newyork.craigslist.org/jsy/rvs/d/willingboro-hwh-auto-hydraulic-onan/6922066199.html,2019-06-27 23:55
2006 Keystone Outback RV 23RS,https://newyork.craigslist.org/mnh/rvs/d/new-york-city-2006-keystone-outback-rv/6921996048.html,2019-06-27 22:11
2013 Keystone Passport Grand touring,https://newyork.craigslist.org/mnh/rvs/d/brooklyn-2013-keystone-passport-grand/6921987514.html,2019-06-27 21:09
BsixW*2008 Newmar Kountry* push button,https://newyork.craigslist.org/mnh/rvs/d/new-york-city-bsixw2008-newmar-kountry/6922019093.html,2019-06-27 21:09
(+)AUTO JACKS Outback 5Th wheel Rv SLEEPS 6 (+),https://newyork.craigslist.org/mnh/rvs/d/ronkonkoma-auto-jacks-outback-5th-wheel/6921898416.html,2019-06-27 18:59
(2) 30 pound--Both are full *** Bluetooth/USB,https://newyork.craigslist.org/brk/rvs/d/brooklyn-2-30-pound-both-are-full/6921849603.html,2019-06-27 18:34
++Jamboree make by fleetwood  RV FWD 89% tires life++,https://newyork.craigslist.org/mnh/rvs/d/new-york-city-jamboree-make-by/6921857738.html,2019-06-27 18:08
1994=FLEETWOOD JAMBOREE=!!,https://newyork.craigslist.org/mnh/rvs/d/new-york-city-1994fleetwood-jamboree/6921857788.html,2019-06-27 18:07
U98 Micro Minnie Priced to Go! Low miles,https://newyork.craigslist.org/mnh/rvs/d/newton-u98-micro-minnie-priced-to-go/6921878139.html,2019-06-27 17:27
N19 Micro Minnie Priced to Go! Low miles,https://newyork.craigslist.org/mnh/rvs/d/newark-n19-micro-minnie-priced-to-go/6921865360.html,2019-06-27 17:24
2000 Jayco 313 H WIDEBODY BM !!,https://newyork.craigslist.org/mnh/rvs/d/new-york-city-2000-jayco-313-widebody/6921813897.html,2019-06-27 17:10
"CouGar X-Lite** a/c with heat pump, 2 – 30 lb. LP",https://newyork.craigslist.org/mnh/rvs/d/new-york-city-cougar-lite-c-with-heat/6921770110.html,2019-06-27 16:34
A24 Reduced Winnebago motor home,https://newyork.craigslist.org/mnh/rvs/d/revere-a24-reduced-winnebago-motor-home/6921817444.html,2019-06-27 16:22
"12 Volt TV with DVD Player and Multidirectional TV Antenna,",https://newyork.craigslist.org/mnh/rvs/d/new-york-city-12-volt-tv-with-dvd/6921787608.html,2019-06-27 16:20
X63 Micro Minnie Awesome Adventurer No accidents,https://newyork.craigslist.org/jsy/rvs/d/cambridge-x63-micro-minnie-awesome/6921803521.html,2019-06-27 15:58
2007 Open Road Camper with/4 slider,https://newyork.craigslist.org/wch/rvs/d/rye-2007-open-road-camper-with-4-slider/6921795116.html,2019-06-27 15:55
Must Sell Camper,https://newjersey.craigslist.org/rvs/d/little-ferry-must-sell-camper/6922338050.html,2019-06-28 12:18
2007 Travel Trailer,https://newjersey.craigslist.org/rvs/d/harrison-2007-travel-trailer/6922271756.html,2019-06-28 11:03
Selling a 2014 Light Camper,https://newjersey.craigslist.org/rvs/d/essex-fells-selling-2014-light-camper/6922270560.html,2019-06-28 10:53
Lance 2375 Trailer 2018,https://newjersey.craigslist.org/rvs/d/philadelphia-lance-2375-trailer-2018/6922224849.html,2019-06-28 09:55
Forest River outside,https://newjersey.craigslist.org/rvs/d/spring-valley-forest-river-outside/6922205202.html,2019-06-28 09:30
drives very well2018 Gulf Stream Ameri-Lite Ultra-Lite,https://newjersey.craigslist.org/rvs/d/passaic-drives-very-well2018-gulf/6922158874.html,2019-06-28 08:52
'89 Aluma Lite 30' 454 Chevy Slps6 108K Miles,https://newjersey.craigslist.org/rvs/d/williamstown-89-aluma-lite-chevy-slps6/6922160141.html,2019-06-28 08:08
great condition2018 Gulf Stream Ameri-Lite Ultra-Lite,https://newjersey.craigslist.org/rvs/d/passaic-great-condition2018-gulf-stream/6922135349.html,2019-06-28 06:33
Coleman Westlake pop up camper,https://newjersey.craigslist.org/rvs/d/lewes-coleman-westlake-pop-up-camper/6922059440.html,2019-06-27 22:44
"Electrical Line, XChocks, Misc Accessories..Keystone&&&&Cougar",https://newjersey.craigslist.org/rvs/d/mount-laurel-electrical-line-xchocks/6921995221.html,2019-06-27 21:23
*Interior is excellent Clear Title* Holiday travel rambler,https://newjersey.craigslist.org/rvs/d/forked-river-interior-is-excellent/6921971778.html,2019-06-27 20:54
+++2004 KEYSTONE OUTBACK 26RS TRAVEL TRAILER++++++,https://newjersey.craigslist.org/rvs/d/north-arlington-2004-keystone-outback/6921922735.html,2019-06-27 19:39
1994 Coleman/Fleetwood Destiny series Roanoke Pop-Up,https://newjersey.craigslist.org/rvs/d/hackettstown-1994-coleman-fleetwood/6921884336.html,2019-06-27 17:47
TV/DVD 2007 Winnebago Voyage 33V Class A,https://newjersey.craigslist.org/rvs/d/hawthorne-tv-dvd-2007-winnebago-voyage/6921745880.html,2019-06-27 16:28
Entertainment Center w/32” TV,https://jerseyshore.craigslist.org/rvs/d/edgewater-entertainment-center-32-tv/6922239641.html,2019-06-28 11:02
EVERYTHING WORKS...2..0..0..4.. Keystone Outback RV 26RS.,https://jerseyshore.craigslist.org/rvs/d/atlantic-highlands-everything-works2004/6922211688.html,2019-06-28 10:47
Selling my%94 28 ft Jamboree=make by fleetwood Camper +Very Low Mileag,https://jerseyshore.craigslist.org/rvs/d/cape-may-court-house-selling-my94-28-ft/6921890295.html,2019-06-27 19:32
~ // Discharge hoses / Multi-Speed =AIR * Distribution Hitch **,https://jerseyshore.craigslist.org/rvs/d/maywood-discharge-hoses-multi-speed-air/6921780686.html,2019-06-27 15:46
On Market a 2017 Camping Popup,https://cnj.craigslist.org/rvs/d/lumberton-on-market-2017-camping-popup/6922318354.html,2019-06-28 11:56
For sale a RV,https://cnj.craigslist.org/rvs/d/new-lisbon-for-sale-rv/6922314629.html,2019-06-28 11:45
Selling Light Trailer,https://cnj.craigslist.org/rvs/d/adelphia-selling-light-trailer/6922301183.html,2019-06-28 11:33
**Keystone Outback 26RS Travel Trail**,https://cnj.craigslist.org/rvs/d/hillsborough-keystone-outback-26rs/6922211396.html,2019-06-28 11:31
This trailer/camper is towable,https://cnj.craigslist.org/rvs/d/garfield-this-trailer-camper-is-towable/6922183698.html,2019-06-28 09:21
Have Truck Will Travel RV Transport,https://cnj.craigslist.org/rvs/d/clark-have-truck-will-travel-rv/6922154348.html,2019-06-28 07:38
SAT/Cable/Antenna ready w/Solar ready,https://cnj.craigslist.org/rvs/d/jersey-city-sat-cable-antenna-ready/6922046419.html,2019-06-27 22:41
2013 Keystone Passport New Batteries,https://cnj.craigslist.org/rvs/d/edison-2013-keystone-passport-new/6921990121.html,2019-06-27 22:13
Gas/Electric Fridge Sleeps 4 great 1995 Rambler holiday,https://cnj.craigslist.org/rvs/d/teaneck-gas-electric-fridge-sleeps-4/6921982358.html,2019-06-27 21:09
2002 TT Keystone RV Springdale,https://cnj.craigslist.org/rvs/d/brick-2002-tt-keystone-rv-springdale/6922000311.html,2019-06-27 20:32
*Black Water Tank 28 Gal 2OO4 Keystone Outback Break-Sway*,https://cnj.craigslist.org/rvs/d/piscataway-black-water-tank-28-gal-2oo4/6921918069.html,2019-06-27 20:14
needs nothing/ well equipped/ table turns,https://cnj.craigslist.org/rvs/d/little-ferry-needs-nothing-well/6921896193.html,2019-06-27 19:42
(([9/3 Year Fleetwood Motorhome])),https://cnj.craigslist.org/rvs/d/piscataway-9-3-year-fleetwood-motorhome/6921865781.html,2019-06-27 19:12
Slide tray,https://cnj.craigslist.org/rvs/d/edison-slide-tray/6921925551.html,2019-06-27 18:30
F26 Reduced Winnebago motor home,https://cnj.craigslist.org/rvs/d/new-brunswick-f26-reduced-winnebago/6921817748.html,2019-06-27 16:14
Micro/convection oven. 4 burner stovetop,https://longisland.craigslist.org/rvs/d/elmira-micro-convection-oven-4-burner/6922352439.html,2019-06-28 13:44
aluminium frame u dinette 1999 Winnebago Minnie,https://longisland.craigslist.org/rvs/d/patchogue-aluminium-frame-dinette-1999/6922360883.html,2019-06-28 13:34
1990 Winnebago Vista 26P - - $2000 -,https://longisland.craigslist.org/rvs/d/ithaca-1990-winnebago-vista-26p/6922355241.html,2019-06-28 12:50
Fast Sale 2014 Trailer,https://longisland.craigslist.org/rvs/d/ronkonkoma-fast-sale-2014-trailer/6922256791.html,2019-06-28 10:51
Lakewood Custom Deulxe CD No broken or cracked glass,https://longisland.craigslist.org/rvs/d/long-island-city-lakewood-custom-deulxe/6922192386.html,2019-06-28 10:05
1991 chevy roadtrek 210,https://longisland.craigslist.org/rvs/d/north-babylon-1991-chevy-roadtrek-210/6922078880.html,2019-06-27 23:33
2012 Forest River bunkhouse,https://longisland.craigslist.org/rvs/d/lindenhurst-2012-forest-river-bunkhouse/6922055112.html,2019-06-27 22:29
2003 5th wheel Camper,https://longisland.craigslist.org/rvs/d/smithtown-th-wheel-camper/6922029531.html,2019-06-27 21:31
"2001 Fleetwood RV Prowler, 28'",https://longisland.craigslist.org/rvs/d/bay-shore-2001-fleetwood-rv-prowler-28/6921939654.html,2019-06-27 18:51
2003 Holiday Rambler Vacationer,https://hudsonvalley.craigslist.org/rvd/d/latham-2003-holiday-rambler-vacationer/6922528351.html,2019-06-28 15:21
Heartland Wilderness Full RV Cover (For winter months and storage),https://hudsonvalley.craigslist.org/rvs/d/ridgefield-heartland-wilderness-full-rv/6922398839.html,2019-06-28 13:38
Looking to rent RV 5th Wheels or Trailers for Fam. Reunion near Hunter,https://hudsonvalley.craigslist.org/rvs/d/acra-looking-to-rent-rv-5th-wheels-or/6922321330.html,2019-06-28 11:54
Selling a PopUp,https://hudsonvalley.craigslist.org/rvs/d/marlboro-selling-popup/6922265350.html,2019-06-28 10:47
For sale a 2017 PopUp,https://hudsonvalley.craigslist.org/rvs/d/granite-springs-for-sale-2017-popup/6922262729.html,2019-06-28 10:44
Road Ranger 234batteries,https://hudsonvalley.craigslist.org/rvs/d/new-milford-road-ranger-234batteries/6922251738.html,2019-06-28 10:31
refrigerator/freezer Fleetwood Jamboree 24Ft Class C Motorhome,https://hudsonvalley.craigslist.org/rvs/d/danbury-refrigerator-freezer-fleetwood/6921996452.html,2019-06-27 21:29
CSjjE**2008 Newmar Kountry storage space,https://hudsonvalley.craigslist.org/rvs/d/hopewell-junction-csjje2008-newmar/6921889334.html,2019-06-27 17:41
power awning  Heartland Heartland,https://newhaven.craigslist.org/rvs/d/west-haven-power-awning-heartland/6922422272.html,2019-06-28 15:26
+WORKS VERY GOOD JAY FEATHER 254 RV 2-DOOR REFRIGERATOR+,https://newhaven.craigslist.org/rvs/d/new-haven-works-very-good-jay-feather/6922372461.html,2019-06-28 13:52
"2019 Sabre 36FRP Bunk 5th Wheel 5 Slide, Bath & 1/2, & Outside Kitchen",https://newhaven.craigslist.org/rvd/d/muskegon-2019-sabre-36frp-bunk-5th/6922393177.html,2019-06-28 12:59
u shape dinette sleeps 8 1999 Winnebago Minnie all appliances,https://newhaven.craigslist.org/rvs/d/killingworth-shape-dinette-sleeps/6922325499.html,2019-06-28 12:55
"Camper, 9' 10"" bed!!minnie winnie))",https://newhaven.craigslist.org/rvs/d/hartford-camper-9-10-bedminnie-winnie/6922301423.html,2019-06-28 12:24
Selling 2017 Pop Up,https://newhaven.craigslist.org/rvs/d/pequabuck-selling-2017-pop-up/6922333063.html,2019-06-28 12:11
Forest River normal,https://newhaven.craigslist.org/rvs/d/waterbury-forest-river-normal/6922175852.html,2019-06-28 08:30
2015 Keystone Cougar Solar charger,https://newhaven.craigslist.org/rvs/d/waterbury-2015-keystone-cougar-solar/6922156423.html,2019-06-28 08:12
personal items2018 Gulf Stream Ameri-Lite Ultra-Lite,https://newhaven.craigslist.org/rvs/d/new-haven-personal-items2018-gulf/6922138095.html,2019-06-28 06:31
06 keystone outback 23RS LP detector Great Condition Have to See To Be,https://newhaven.craigslist.org/rvs/d/cheshire-06-keystone-outback-23rs-lp/6921898058.html,2019-06-27 19:19
